지하철역ID,지하철역명,출입구번호
1067080129,천마산,1
1067080129,천마산,2
1067080130,마석,1
1067080130,마석,2
1067080131,대성리,1
1067080131,대성리,2
1067080132,청평,1
1067080132,청평,2
1067080133,상천,1
1067080134,가평,1
1067080135,굴봉산,1
1067080135,굴봉산,2
1067080136,백양리,1
1067080137,강촌,1
1067080138,김유정,1
1067080139,남춘천,1
1067080139,남춘천,2
1067080139,남춘천,3
1067080140,춘천,1
1067080140,춘천,2
1069073110,계양,1
1069073111,귤현,1
1069073112,박촌,1
1069073112,박촌,2
1069073112,박촌,3
1069073112,박촌,4
1069073113,임학,1
1069073113,임학,2
1069073113,임학,3
1069073113,임학,4
1069073114,계산,1
1069073114,계산,2
1069073114,계산,3
1069073114,계산,4
1069073114,계산,5
1069073114,계산,6
1003000309,원흥,1
1003000309,원흥,2
1003000309,원흥,3
1003000309,원흥,4
1003000309,원흥,5
1003000309,원흥,6
1003000309,원흥,7
1003000309,원흥,8
1063075319,강매,1
1065006501,서울,3
1065006501,서울,4
1065006502,공덕,10
1065006502,공덕,9
1065006503,홍대입구,3
1065006503,홍대입구,4
1065006503,홍대입구,5
1065006503,홍대입구,6
1065006503,홍대입구,7
1065006504,디지털미디어시티,7
1065006504,디지털미디어시티,8
1065006504,디지털미디어시티,9
1065006505,김포공항,4
1065006507,검암,1
1065065071,청라국제도시,1
1065065071,청라국제도시,2
1065006509,공항화물청사,1
1065006509,공항화물청사,2
1065006510,인천공항1터미널,1
1065006510,인천공항1터미널,2
1065006510,인천공항1터미널,3
1071075251,달월,1
1071075252,월곶,1
1063075331,금촌,1
1063075331,금촌,2
1063075330,금릉,1
1063075330,금릉,2
1063075329,운정,1
1063075329,운정,2
1063075327,탄현,1
1063075327,탄현,2
1063075326,일산,1
1063075326,일산,2
1063075325,풍산,1
1063075325,풍산,2
1063075324,백마,1
1063075324,백마,2
1063075323,곡산,1
1063075323,곡산,2
1063075321,능곡,1
1063075320,행신,1
1063075320,행신,2
1063075318,화전,1
1063075318,화전,2
1063075317,수색,1
1063075316,디지털미디어시티,6
1063075315,가좌,1
1063075315,가좌,2
1063075315,가좌,3
1063075313,서강대,1
1063075313,서강대,2
1063075335,문산,1
1063075334,파주,1
1063075333,월롱,1
1063075112,서빙고,1
1063075112,서빙고,2
1063075113,한남,1
1063075115,응봉,1
1063075115,응봉,2
1063075116,왕십리,12
1063075116,왕십리,13
1063075117,청량리,1
1063075118,회기,2
1063075119,중랑,1
1063075119,중랑,2
1063075119,중랑,3
1063075119,중랑,4
1063075120,상봉,8
1063075121,망우,1
1063075122,양원,1
1063075122,양원,2
1063075123,구리,1
1063075123,구리,2
1063075123,구리,3
1063075124,도농,1
1063075124,도농,2
1063075125,양정,1
1063075125,양정,2
1063075126,덕소,1
1063075126,덕소,2
1063075126,덕소,3
1063075127,도심,1
1063075127,도심,2
1063075128,팔당,1
1063075129,운길산,1
1063075129,운길산,2
1063075130,양수,1
1063075130,양수,2
1063075131,신원,1
1063075132,국수,1
1063075133,아신,1
1063075134,오빈,1
1063075135,양평(경의중앙선),1
1063075135,양평(경의중앙선),2
1063075136,원덕,1
1063075137,용문,1
1063075137,용문,2
1063075137,용문,3
1063080312,신촌(경의중앙선),1
1063080312,신촌(경의중앙선),2
1063080313,서울,5
1067080120,상봉,7
1067080121,망우,2
1067080121,망우,3
1067080122,신내,1
1067080122,신내,2
1067080122,신내,3
1067080122,신내,4
1067080123,갈매,1
1067080123,갈매,2
1067080124,별내,1
1067080124,별내,2
1092004703,4.19 민주묘지,1
1092004703,4.19 민주묘지,2
1092004704,가오리,1
1092004704,가오리,2
1092004712,보문,2
1092004712,보문,3
1092004712,보문,4
1092004712,보문,5
1092004712,보문,6
1092004709,북한산보국문,1
1092004706,삼양,2
1092004707,삼양사거리,1
1092004707,삼양사거리,2
1092004711,성신여대입구,3
1092004711,성신여대입구,5
1092004711,성신여대입구,6
1092004711,성신여대입구,7
1092004702,솔밭공원,1
1092004708,솔샘,1
1092004708,솔샘,2
1092004713,신설동,1
1067080125,퇴계원,1
1067080125,퇴계원,2
1067080126,사릉,1
1067080127,금곡,1
1067080128,평내호평,1
1067080128,평내호평,2
1069073136,인천대입구,1
1069073136,인천대입구,2
1069073136,인천대입구,3
1069073136,인천대입구,4
1069073136,인천대입구,5
1069073137,센트럴파크,1
1069073137,센트럴파크,2
1069073137,센트럴파크,4
1069073138,국제업무지구,2
1069073138,국제업무지구,5
1071075253,소래포구,1
1071075253,소래포구,2
1071075254,인천논현,1
1071075254,인천논현,2
1071075254,인천논현,3
1071075254,인천논현,4
1071075255,호구포,1
1071075255,호구포,2
1071075256,남동인더스파크,1
1071075256,남동인더스파크,2
1071075257,원인재,4
1071075257,원인재,5
1071075258,연수,1
1071075258,연수,2
1071075259,송도,1
1075075211,서울숲,1
1075075211,서울숲,2
1075075211,서울숲,3
1075075211,서울숲,4
1075075212,압구정로데오,1
1075075212,압구정로데오,2
1075075212,압구정로데오,3
1075075212,압구정로데오,4
1075075212,압구정로데오,5
1075075212,압구정로데오,6
1075075212,압구정로데오,7
1075075214,선정릉,1
1075075214,선정릉,2
1075075214,선정릉,3
1075075214,선정릉,4
1075075215,선릉,2
1075075215,선릉,3
1075075215,선릉,6
1075075215,선릉,7
1075075215,선릉,8
1075075215,선릉,9
1075075216,한티,1
1075075216,한티,2
1075075216,한티,3
1075075216,한티,4
1075075216,한티,5
1075075216,한티,6
1075075216,한티,7
1075075216,한티,8
1075075217,도곡,1
1075075217,도곡,2
1075075217,도곡,3
1075075217,도곡,4
1075075218,구룡,1
1075075218,구룡,2
1075075218,구룡,3
1075075218,구룡,4
1075075218,구룡,5
1075075219,개포동,1
1075075219,개포동,2
1075075219,개포동,3
1075075219,개포동,4
1075075219,개포동,5
1075075219,개포동,6
1075075219,개포동,7
1075075219,개포동,8
1075075220,대모산입구,1
1075075220,대모산입구,2
1075075220,대모산입구,3
1075075220,대모산입구,4
1075075220,대모산입구,5
1075075220,대모산입구,6
1075075220,대모산입구,7
1075075220,대모산입구,8
1075075223,가천대,1
1075075223,가천대,2
1075075223,가천대,3
1075075223,가천대,4
1075075223,가천대,5
1075075224,태평,1
1075075224,태평,2
1075075224,태평,3
1075075224,태평,4
1075075224,태평,5
1075075224,태평,6
1075075225,모란,1
1075075225,모란,2
1075075225,모란,3
1075075225,모란,4
1075075225,모란,5
1075075225,모란,6
1075075225,모란,7
1075075225,모란,8
1075075226,야탑,1
1075075226,야탑,2
1075075226,야탑,3
1075075226,야탑,4
1075075227,이매,1
1075075227,이매,2
1075075227,이매,3
1075075227,이매,4
1075075227,이매,5
1075075227,이매,6
1075075228,서현,1
1075075228,서현,2
1075075228,서현,3
1075075228,서현,4
1075075228,서현,5
1075075229,수내,1
1075075229,수내,2
1075075229,수내,3
1075075229,수내,4
1069073115,경인교대입구,1
1069073115,경인교대입구,2
1069073115,경인교대입구,3
1069073115,경인교대입구,4
1069073115,경인교대입구,5
1069073115,경인교대입구,6
1069073116,작전,1
1069073116,작전,2
1069073116,작전,3
1069073116,작전,4
1069073116,작전,5
1069073116,작전,6
1069073116,작전,7
1069073116,작전,8
1069073117,갈산,1
1069073117,갈산,2
1069073117,갈산,3
1069073117,갈산,4
1069073118,부평구청,1
1069073118,부평구청,2
1069073118,부평구청,8
1069073118,부평구청,9
1069073119,부평시장,1
1069073119,부평시장,2
1069073119,부평시장,3
1069073119,부평시장,4
1069073120,부평,3
1069073120,부평,4
1069073120,부평,5
1069073120,부평,6
1069073120,부평,7
1069073120,부평,8
1069073121,동수,1
1069073121,동수,2
1069073121,동수,3
1069073121,동수,4
1069073122,부평삼거리,1
1069073122,부평삼거리,2
1069073122,부평삼거리,3
1069073122,부평삼거리,4
1069073123,간석오거리,1
1069073123,간석오거리,2
1069073123,간석오거리,3
1069073123,간석오거리,4
1069073123,간석오거리,5
1069073123,간석오거리,6
1069073123,간석오거리,7
1069073123,간석오거리,8
1069073123,간석오거리,9
1069073124,인천시청,1
1069073124,인천시청,2
1069073124,인천시청,3
1069073124,인천시청,4
1069073124,인천시청,5
1069073124,인천시청,6
1069073124,인천시청,7
1069073124,인천시청,8
1069073124,인천시청,9
1069073125,예술회관,1
1069073125,예술회관,10
1069073125,예술회관,11
1069073125,예술회관,2
1069073125,예술회관,3
1069073125,예술회관,4
1069073125,예술회관,5
1069073125,예술회관,6
1069073125,예술회관,7
1069073125,예술회관,8
1069073125,예술회관,9
1069073126,인천터미널,1
1069073126,인천터미널,2
1069073126,인천터미널,3
1069073126,인천터미널,4
1069073126,인천터미널,5
1069073126,인천터미널,6
1069073127,문학경기장,1
1069073127,문학경기장,2
1069073128,선학,1
1069073128,선학,2
1069073128,선학,3
1069073128,선학,4
1069073129,신연수,1
1069073129,신연수,2
1069073129,신연수,3
1069073129,신연수,4
1069073130,원인재,1
1069073130,원인재,2
1069073130,원인재,3
1069073130,원인재,6
1069073131,동춘,1
1069073131,동춘,2
1069073131,동춘,3
1069073131,동춘,4
1069073131,동춘,5
1069073131,동춘,6
1069073132,동막,1
1069073132,동막,2
1069073132,동막,3
1069073132,동막,4
1069073133,캠퍼스타운,1
1069073133,캠퍼스타운,2
1069073133,캠퍼스타운,3
1069073133,캠퍼스타운,4
1069073134,테크노파크,1
1069073134,테크노파크,2
1069073134,테크노파크,3
1069073134,테크노파크,4
1069073135,지식정보단지,2
1069073135,지식정보단지,3
1069073135,지식정보단지,4
1075075230,정자,1
1075075230,정자,2
1075075230,정자,3
1075075230,정자,4
1075075231,미금,1
1075075231,미금,2
1075075231,미금,3
1075075231,미금,4
1075075231,미금,5
1075075231,미금,6
1075075231,미금,7
1075075231,미금,8
1075075232,오리,1
1075075232,오리,2
1075075232,오리,3
1075075232,오리,4
1075075232,오리,5
1075075232,오리,6
1075075232,오리,7
1075075233,죽전,1
1075075233,죽전,2
1075075233,죽전,3
1075075234,보정,1
1075075234,보정,2
1075075234,보정,3
1075075234,보정,4
1075075235,구성,1
1075075235,구성,2
1075075235,구성,3
1077000687,강남,3
1077000687,강남,4
1077000687,강남,5
1077000687,강남,6
1092004705,화계,2
1065006508,운서,1
1001080144,금천구청,1
1001080145,석수,1
1001080145,석수,2
1001080146,관악,1
1001080146,관악,2
1001080147,안양,1
1001080147,안양,2
1001080148,명학,1
1001080148,명학,2
1001080149,금정,1
1001080149,금정,2
1001080149,금정,3
1001080149,금정,4
1001080149,금정,6
1001080149,금정,7
1001080149,금정,8
1001080150,군포,1
1001080150,군포,2
1001080151,당정,1
1001080151,당정,2
1001080151,당정,3
1001080152,의왕,1
1001080152,의왕,2
1001080153,성균관대,1
1001080153,성균관대,2
1001080154,화서,1
1001080154,화서,2
1001080155,수원,1
1001080155,수원,2
1001080155,수원,3
1001080155,수원,4
1001080155,수원,5
1001080155,수원,6
1001080156,세류,1
1001080157,병점,1
1001080157,병점,2
1001080158,세마,1
1001080159,오산대,1
1001080159,오산대,2
1001080160,오산,1
1001080160,오산,2
1001080161,진위,1
1001080161,진위,2
1001080162,송탄,1
1001080162,송탄,2
1001080162,송탄,3
1001080162,송탄,4
1001080162,송탄,5
1001080163,서정리,1
1001080163,서정리,2
1001080163,서정리,3
1001080164,지제,1
1001080164,지제,2
1001080165,평택,1
1001080165,평택,2
1001080166,성환,1
1001080166,성환,2
1001080167,직산,1
1001080167,직산,2
1001080168,두정,1
1001080169,천안,1
1001080169,천안,2
1001080170,봉명,1
1001080170,봉명,2
1001080171,쌍용(나사렛대),1
1001080171,쌍용(나사렛대),2
1001080172,아산,1
1001080172,아산,2
1001080174,배방,1
1001080174,배방,2
1001080175,온양온천,1
1001080175,온양온천,2
1001801571,서동탄,1
1001801571,서동탄,2
1002000233,대림,1
1002000233,대림,2
1002000233,대림,3
1002000233,대림,4
1002000233,대림,5
1002000233,대림,6
1002000233,대림,7
1002000233,대림,8
1007000709,장암,1
1003000323,녹번,1
1003000323,녹번,2
1003000323,녹번,3
1003000323,녹번,4
1003000323,녹번,5
1007000725,군자,5
1007000725,군자,6
1007000725,군자,7
1007000725,군자,8
1007000726,어린이대공원,1
1007000726,어린이대공원,2
1007000726,어린이대공원,3
1007000726,어린이대공원,4
1007000726,어린이대공원,5
1007000726,어린이대공원,6
1007000727,건대입구,3
1007000727,건대입구,4
1007000728,뚝섬유원지,1
1007000728,뚝섬유원지,2
1007000728,뚝섬유원지,3
1007000728,뚝섬유원지,4
1007000729,청담,1
1007000729,청담,10
1007000729,청담,11
1007000729,청담,12
1007000729,청담,13
1007000729,청담,14
1007000729,청담,2
1007000729,청담,3
1007000729,청담,4
1007000729,청담,5
1007000729,청담,6
1007000729,청담,7
1007000729,청담,8
1007000729,청담,9
1003000324,홍제,1
1003000324,홍제,2
1003000324,홍제,3
1003000324,홍제,4
1003000325,무악재,1
1003000325,무악재,2
1003000325,무악재,3
1003000325,무악재,4
1003000326,독립문,1
1003000326,독립문,2
1003000326,독립문,3
1003000326,독립문,4
1003000326,독립문,5
1003000327,경복궁,1
1003000327,경복궁,2
1003000327,경복궁,3
1003000327,경복궁,4
1003000327,경복궁,5
1003000327,경복궁,6
1003000327,경복궁,7
1003000328,안국,1
1003000328,안국,2
1003000328,안국,3
1003000328,안국,4
1003000328,안국,5
1003000328,안국,6
1003000329,종로3가,2-1
1003000329,종로3가,7
1003000329,종로3가,8
1003000329,종로3가,9
1003000330,을지로3가,4
1003000330,을지로3가,5
1003000330,을지로3가,6
1003000330,을지로3가,7
1003000330,을지로3가,8
1003000330,을지로3가,9
1003000332,동대입구,1
1003000332,동대입구,2
1003000332,동대입구,3
1003000332,동대입구,4
1003000332,동대입구,5
1003000332,동대입구,6
1003000333,약수,1
1003000333,약수,10
1003000333,약수,2
1003000333,약수,3
1003000333,약수,4
1003000333,약수,5
1003000333,약수,6
1003000333,약수,9
1003000334,금호,1
1003000334,금호,2
1003000334,금호,3
1003000334,금호,4
1003000335,옥수,1
1003000335,옥수,2
1003000335,옥수,3
1003000335,옥수,4
1003000335,옥수,5
1003000335,옥수,6
1003000335,옥수,7
1003000336,압구정,1
1003000336,압구정,2
1003000336,압구정,3
1003000336,압구정,4
1003000336,압구정,5
1003000336,압구정,6
1003000337,신사,1
1003000337,신사,2
1003000337,신사,3
1003000337,신사,4
1003000337,신사,5
1003000337,신사,6
1003000337,신사,7
1003000337,신사,8
1003000338,잠원,1
1003000338,잠원,2
1003000338,잠원,3
1003000338,잠원,4
1003000339,고속터미널,2
1003000339,고속터미널,7
1003000339,고속터미널,8
1003000340,교대,12
1003000340,교대,13
1003000340,교대,14
1003000341,남부터미널,1
1003000341,남부터미널,2
1003000341,남부터미널,3
1003000341,남부터미널,4
1003000341,남부터미널,5
1003000341,남부터미널,6
1003000342,양재,1
1003000342,양재,11
1003000342,양재,12
1003000342,양재,2
1003000342,양재,3
1003000342,양재,4
1003000342,양재,5
1003000342,양재,6
1003000343,매봉,1
1003000343,매봉,2
1003000343,매봉,3
1003000343,매봉,4
1003000345,대치,1
1003000345,대치,2
1003000345,대치,3
1003000345,대치,4
1003000345,대치,5
1003000345,대치,6
1003000345,대치,7
1003000345,대치,8
1003000346,학여울,1
1003000347,대청,1
1003000347,대청,2
1003000347,대청,3
1003000347,대청,4
1003000347,대청,5
1003000347,대청,6
1003000347,대청,7
1003000347,대청,8
1003000348,일원,1
1003000348,일원,2
1003000348,일원,3
1003000348,일원,4
1003000348,일원,5
1003000348,일원,6
1003000348,일원,7
1003000349,수서,1
1003000349,수서,2
1003000349,수서,3
1003000349,수서,4
1003000349,수서,5
1003000349,수서,6
1003000350,가락시장,7
1003000350,가락시장,8
1003000351,경찰병원,1
1003000351,경찰병원,2
1003000351,경찰병원,3
1003000351,경찰병원,4
1003000352,오금,1
1004000409,당고개,1
1004000409,당고개,2
1004000409,당고개,3
1004000409,당고개,4
1004000410,상계,1
1004000410,상계,2
1004000410,상계,3
1004000410,상계,4
1007000737,남성,1
1007000737,남성,2
1007000737,남성,3
1007000737,남성,4
1007000738,숭실대입구,1
1007000738,숭실대입구,2
1007000738,숭실대입구,3
1007000738,숭실대입구,4
1007000739,상도,1
1007000739,상도,2
1007000739,상도,3
1007000739,상도,4
1007000739,상도,5
1007000740,장승배기,1
1007000740,장승배기,2
1007000740,장승배기,3
1007000740,장승배기,4
1007000740,장승배기,5
1007000740,장승배기,6
1007000741,신대방삼거리,1
1007000741,신대방삼거리,2
1007000741,신대방삼거리,3
1007000741,신대방삼거리,4
1007000741,신대방삼거리,5
1007000741,신대방삼거리,6
1007000742,보라매,1
1007000742,보라매,2
1007000742,보라매,3
1007000742,보라매,4
1007000742,보라매,5
1007000742,보라매,6
1007000742,보라매,7
1007000742,보라매,8
1007000743,신풍,1
1007000743,신풍,2
1007000743,신풍,3
1007000743,신풍,4
1007000743,신풍,5
1007000743,신풍,6
1007000744,대림,10
1007000744,대림,11
1007000744,대림,12
1007000744,대림,9
1007000745,남구로,1
1007000745,남구로,2
1007000745,남구로,3
1007000745,남구로,4
1007000745,남구로,5
1007000745,남구로,6
1007000746,가산디지털단지,2
1007000746,가산디지털단지,3
1007000746,가산디지털단지,4
1007000746,가산디지털단지,5
1007000746,가산디지털단지,6
1007000747,철산,1
1007000747,철산,2
1007000747,철산,3
1007000747,철산,4
1007000748,광명사거리,1
1007000748,광명사거리,10
1007000748,광명사거리,2
1007000748,광명사거리,3
1007000748,광명사거리,4
1007000748,광명사거리,5
1007000748,광명사거리,6
1007000748,광명사거리,7
1007000748,광명사거리,8
1007000748,광명사거리,9
1007000749,천왕,1
1007000749,천왕,2
1007000749,천왕,3
1007000750,온수,2
1007000750,온수,4
1007000750,온수,5
1007000750,온수,6
1007000751,까치울,1
1007000751,까치울,2
1007000751,까치울,3
1007000751,까치울,4
1007000751,까치울,5
1007000752,부천종합운동장,1
1007000752,부천종합운동장,2
1007000752,부천종합운동장,3
1007000752,부천종합운동장,4
1007000752,부천종합운동장,5
1007000753,춘의,1
1007000753,춘의,2
1007000753,춘의,3
1007000753,춘의,4
1007000753,춘의,5
1007000753,춘의,6
1007000753,춘의,7
1007000753,춘의,8
1007000754,신중동,1
1007000754,신중동,2
1007000754,신중동,3
1007000754,신중동,4
1007000754,신중동,5
1007000754,신중동,6
1007000754,신중동,7
1007000755,부천시청,1
1007000755,부천시청,2
1007000755,부천시청,3
1007000755,부천시청,4
1007000755,부천시청,5
1007000756,상동,1
1007000756,상동,2
1007000756,상동,3
1007000756,상동,4
1007000756,상동,5
1007000756,상동,6
1007000756,상동,7
1007000756,상동,8
1007000757,삼산체육관,1
1007000757,삼산체육관,2
1007000757,삼산체육관,3
1007000757,삼산체육관,4
1007000757,삼산체육관,5
1007000758,굴포천,1
1007000758,굴포천,2
1007000758,굴포천,3
1007000758,굴포천,4
1007000758,굴포천,5
1007000758,굴포천,6
1007000758,굴포천,7
1007000758,굴포천,8
1007000759,부평구청,3
1007000759,부평구청,4
1007000759,부평구청,5
1007000759,부평구청,6
1007000759,부평구청,7
1008000812,강동구청,1
1008000812,강동구청,2
1008000812,강동구청,3
1008000812,강동구청,4
1008000812,강동구청,5
1008000813,몽촌토성,1
1008000813,몽촌토성,2
1008000813,몽촌토성,3
1008000813,몽촌토성,4
1008000813,몽촌토성,5
1008000814,잠실,10
1008000814,잠실,11
1008000814,잠실,9
1008000815,석촌,1
1008000815,석촌,2
1008000815,석촌,3
1008000815,석촌,4
1008000815,석촌,5
1008000815,석촌,6
1008000815,석촌,7
1008000815,석촌,8
1008000816,송파,1
1008000816,송파,2
1008000816,송파,3
1008000816,송파,4
1008000817,가락시장,1
1008000817,가락시장,2
1008000817,가락시장,3
1008000817,가락시장,4
1008000817,가락시장,5
1008000817,가락시장,6
1008000818,문정,1
1008000818,문정,2
1008000818,문정,3
1008000818,문정,4
1008000819,장지,1
1008000819,장지,2
1008000819,장지,3
1006000646,화랑대,1
1006000646,화랑대,2
1006000646,화랑대,3
1006000646,화랑대,4
1006000646,화랑대,5
1006000646,화랑대,6
1006000646,화랑대,7
1004000447,반월,1
1004000448,상록수,1
1004000448,상록수,2
1004000449,한대앞,1
1004000449,한대앞,2
1004000450,중앙,1
1004000450,중앙,2
1004000451,고잔,1
1004000451,고잔,2
1004000452,초지,1
1004000453,안산,1
1004000453,안산,2
1004000454,신길온천,1
1004000454,신길온천,2
1004000455,정왕,1
1004000455,정왕,2
1004000456,오이도,1
1004000456,오이도,2
1004000456,오이도,3
1005000510,방화,1
1005000510,방화,2
1005000510,방화,3
1005000510,방화,4
1005000511,개화산,1
1005000511,개화산,2
1005000512,김포공항,1
1005000512,김포공항,2
1005000512,김포공항,3
1005000513,송정,1
1005000513,송정,2
1005000513,송정,3
1005000513,송정,4
1005000514,마곡,1
1005000515,발산,1
1005000515,발산,2
1005000515,발산,3
1005000515,발산,4
1005000515,발산,5
1005000515,발산,6
1005000515,발산,7
1005000515,발산,8
1005000515,발산,9
1005000516,우장산,1
1005000516,우장산,2
1005000516,우장산,3
1005000516,우장산,4
1005000517,화곡,1
1005000517,화곡,2
1005000517,화곡,3
1005000517,화곡,4
1005000517,화곡,5
1005000517,화곡,6
1005000517,화곡,7
1005000517,화곡,8
1005000518,까치산,1
1005000518,까치산,2
1005000518,까치산,3
1005000518,까치산,4
1005000519,신정,1
1005000519,신정,2
1005000519,신정,3
1005000519,신정,4
1005000519,신정,5
1005000520,목동,1
1005000520,목동,2
1005000520,목동,3
1005000520,목동,4
1005000520,목동,5
1005000520,목동,6
1005000520,목동,7
1005000520,목동,8
1005000521,오목교,1
1005000521,오목교,2
1005000521,오목교,3
1005000521,오목교,4
1005000521,오목교,5
1005000521,오목교,6
1005000521,오목교,7
1005000521,오목교,8
1005000522,양평,1
1005000522,양평,2
1005000523,영등포구청,6
1005000523,영등포구청,7
1005000524,영등포시장,1
1005000524,영등포시장,2
1005000524,영등포시장,3
1005000524,영등포시장,4
1005000525,신길,3
1005000526,여의도,1
1005000526,여의도,2
1005000526,여의도,3
1005000526,여의도,4
1005000526,여의도,5
1005000526,여의도,6
1005000527,여의나루,1
1005000527,여의나루,2
1005000527,여의나루,3
1005000527,여의나루,4
1005000528,마포,1
1005000528,마포,2
1005000528,마포,3
1005000528,마포,4
1005000529,공덕,1
1005000529,공덕,2
1005000529,공덕,3
1005000529,공덕,4
1005000529,공덕,5
1005000529,공덕,8
1005000530,애오개,1
1005000530,애오개,2
1005000530,애오개,3
1005000530,애오개,4
1005000531,충정로,10
1005000531,충정로,7
1005000531,충정로,8
1005000531,충정로,9
1006000647,봉화산,1
1006000647,봉화산,2
1006000647,봉화산,3
1006000647,봉화산,4
1006000647,봉화산,5
1077000688,양재,10
1077000688,양재,7
1077000688,양재,8
1077000688,양재,9
1077000689,양재시민의숲,1
1077000689,양재시민의숲,2
1077000689,양재시민의숲,3
1077000689,양재시민의숲,4
1077000689,양재시민의숲,5
1077006810,청계산입구,1
1077006810,청계산입구,2
1077006811,판교,1
1077006811,판교,2
1077006811,판교,3
1077006811,판교,4
1077006812,정자,5
1077006812,정자,6
1009000926,언주,1
1009000926,언주,2
1009000926,언주,3
1009000926,언주,4
1009000926,언주,5
1009000926,언주,6
1009000926,언주,7
1009000926,언주,8
1009000928,삼성중앙,1
1009000928,삼성중앙,2
1009000928,삼성중앙,3
1009000928,삼성중앙,4
1009000928,삼성중앙,5
1009000928,삼성중앙,6
1009000928,삼성중앙,7
1009000929,봉은사,1
1009000929,봉은사,2
1009000929,봉은사,3
1009000929,봉은사,4
1009000929,봉은사,5
1009000929,봉은사,6
1009000929,봉은사,7
1009000930,종합운동장,9
1063075328,야당,1
1063075328,야당,2
1063075328,야당,3
1077006814,동천,1
1077006814,동천,2
1077006814,동천,3
1077006815,수지구청,1
1077006815,수지구청,2
1077006815,수지구청,3
1077006815,수지구청,4
1077006816,성복,1
1077006816,성복,2
1077006816,성복,3
1077006816,성복,4
1077006816,성복,5
1077006817,상현,1
1077006817,상현,2
1077006817,상현,3
1077006817,상현,4
1077006818,광교중앙,1
1077006818,광교중앙,2
1077006818,광교중앙,3
1077006818,광교중앙,4
1077006819,광교,1
1077006819,광교,2
1008000810,암사,1
1008000810,암사,2
1008000810,암사,3
1008000810,암사,4
1009000901,개화,1
1009000901,개화,2
1009000903,공항시장,1
1009000903,공항시장,2
1009000903,공항시장,3
1009000903,공항시장,4
1009000904,신방화,1
1009000904,신방화,2
1009000904,신방화,3
1009000904,신방화,4
1009000904,신방화,5
1009000904,신방화,6
1009000904,신방화,7
1009000904,신방화,8
1009000905,마곡나루,1
1009000906,양천향교,1
1009000906,양천향교,2
1009000906,양천향교,3
1009000906,양천향교,4
1009000906,양천향교,5
1009000906,양천향교,6
1009000906,양천향교,7
1009000906,양천향교,8
1009000907,가양,1
1009000907,가양,10
1009000907,가양,2
1009000907,가양,3
1009000907,가양,4
1009000907,가양,5
1009000907,가양,6
1009000907,가양,7
1009000907,가양,8
1009000907,가양,9
1009000908,증미,1
1009000908,증미,2
1009000908,증미,3
1009000908,증미,4
1009000909,등촌,1
1009000909,등촌,2
1009000909,등촌,3
1009000909,등촌,4
1009000909,등촌,5
1009000909,등촌,6
1009000909,등촌,7
1009000909,등촌,8
1009000910,염창,1
1009000910,염창,2
1009000910,염창,3
1009000910,염창,4
1009000911,신목동,1
1009000911,신목동,2
1009000911,신목동,3
1009000912,선유도,1
1009000912,선유도,2
1009000912,선유도,3
1009000912,선유도,4
1009000912,선유도,5
1009000912,선유도,6
1009000912,선유도,7
1009000912,선유도,8
1009000913,당산,10
1009000913,당산,11
1009000913,당산,12
1009000913,당산,13
1009000913,당산,7
1009000913,당산,8
1009000913,당산,9
1009000914,국회의사당,1
1009000914,국회의사당,2
1009000914,국회의사당,3
1009000914,국회의사당,4
1009000914,국회의사당,5
1009000914,국회의사당,6
1009000916,샛강,1
1009000916,샛강,2
1009000916,샛강,3
1009000916,샛강,4
1009000917,노량진,1
1009000917,노량진,2
1009000917,노량진,3
1009000917,노량진,4
1009000917,노량진,5
1009000917,노량진,6
1009000918,노들,1
1009000918,노들,2
1009000918,노들,3
1009000918,노들,4
1009000918,노들,5
1009000919,흑석,1
1009000919,흑석,2
1009000919,흑석,3
1009000919,흑석,4
1009000920,동작,5
1009000920,동작,6
1009000920,동작,7
1009000920,동작,8
1009000920,동작,9
1009000921,구반포,1
1009000921,구반포,2
1009000921,구반포,3
1009000922,신반포,1
1009000922,신반포,2
1009000922,신반포,3
1009000922,신반포,4
1009000923,고속터미널,1
1009000923,고속터미널,8-1
1009000923,고속터미널,8-2
1009000924,사평,1
1009000924,사평,2
1009000925,신논현,1
1009000925,신논현,2
1009000925,신논현,3
1009000925,신논현,4
1009000925,신논현,5
1009000925,신논현,6
1009000925,신논현,7
1007000721,면목,1
1007000721,면목,2
1007000721,면목,3
1007000722,사가정,1
1007000722,사가정,2
1007000722,사가정,3
1007000722,사가정,4
1007000723,용마산,1
1007000723,용마산,2
1007000723,용마산,3
1007000724,중곡,1
1007000724,중곡,2
1007000724,중곡,3
1001000142,구일,1
1001000143,개봉,1
1001000143,개봉,2
1001000144,오류동,1
1001000144,오류동,2
1001000144,오류동,3
1001000145,온수,1
1001000145,온수,3
1001000145,온수,7
1001000145,온수,8
1001000146,역곡,1
1001000146,역곡,2
1001000147,소사,1
1001000147,소사,2
1001000147,소사,3
1001000148,부천,1
1001000148,부천,2
1001000148,부천,3
1001000148,부천,4
1001000148,부천,5
1001000149,중동,1
1001000149,중동,2
1001000150,송내,1
1001000150,송내,2
1001000151,부개,1
1001000151,부개,2
1001000152,부평,1
1001000152,부평,2
1001000153,백운,1
1001000153,백운,2
1001000153,백운,3
1001000154,동암,1
1001000154,동암,2
1001000155,간석,1
1001000155,간석,2
1001000156,주안,1
1001000156,주안,2
1001000156,주안,3
1001000156,주안,4
1001000157,도화,1
1001000157,도화,2
1001000157,도화,3
1001000157,도화,4
1001000158,제물포,1
1001000158,제물포,2
1001000159,도원,1
1001000159,도원,2
1001000159,도원,3
1001000160,동인천,1
1001000160,동인천,2
1001000160,동인천,3
1001000160,동인천,4
1001000161,인천,1
1001075410,광명,1
1001075410,광명,2
1001075410,광명,3
1001075410,광명,4
1001075410,광명,5
1001075410,광명,6
1001075410,광명,7
1001075410,광명,8
1001080142,가산디지털단지,1
1001080142,가산디지털단지,7
1001000101,동두천,1
1001000101,동두천,2
1001000102,보산,1
1001000102,보산,2
1001000103,동두천중앙,1
1001000103,동두천중앙,2
1001000103,동두천중앙,3
1001000103,동두천중앙,4
1001000104,지행,1
1001000104,지행,2
1001000104,지행,3
1001000104,지행,4
1001000105,덕정,1
1001000106,덕계,1
1001000106,덕계,2
1001000107,양주,1
1001000107,양주,2
1001000108,녹양,1
1001000108,녹양,2
1001000109,가능,1
1001000109,가능,2
1001000109,가능,3
1001000110,의정부,1
1001000110,의정부,2
1001000110,의정부,3
1001000110,의정부,4
1001000110,의정부,5
1001000110,의정부,6
1001000110,의정부,7
1001000110,의정부,8
1001000111,회룡,3
1007000730,강남구청,1
1007000730,강남구청,2
1007000730,강남구청,3
1007000730,강남구청,4
1007000731,학동,1
1007000731,학동,10
1007000731,학동,2
1007000731,학동,3
1007000731,학동,4
1007000731,학동,5
1007000731,학동,6
1007000731,학동,7
1007000731,학동,8
1007000731,학동,9
1007000732,논현,1
1007000732,논현,2
1007000732,논현,3
1007000732,논현,4
1007000732,논현,5
1007000732,논현,6
1007000732,논현,7
1007000732,논현,8
1007000733,반포,1
1007000733,반포,2
1007000733,반포,3
1007000733,반포,4
1007000733,반포,5
1007000733,반포,6
1007000734,고속터미널,3
1007000734,고속터미널,4
1007000734,고속터미널,5
1007000734,고속터미널,6
1007000735,내방,1
1007000735,내방,2
1007000735,내방,3
1007000735,내방,4
1007000735,내방,5
1007000735,내방,6
1007000735,내방,7
1007000735,내방,8
1004000412,창동,1
1004000412,창동,2
1004000413,쌍문,1
1004000413,쌍문,2
1004000413,쌍문,3
1004000413,쌍문,4
1004000414,수유,1
1004000414,수유,2
1004000414,수유,3
1004000414,수유,4
1004000414,수유,5
1004000414,수유,6
1004000414,수유,7
1004000414,수유,8
1004000415,미아,1
1004000415,미아,2
1004000415,미아,3
1004000415,미아,4
1004000415,미아,5
1004000415,미아,6
1004000415,미아,7
1004000415,미아,8
1007000710,도봉산,2
1007000711,수락산,1
1007000711,수락산,2
1007000711,수락산,3
1007000711,수락산,4
1007000711,수락산,5
1007000711,수락산,6
1007000712,마들,1
1007000712,마들,2
1007000712,마들,3
1007000712,마들,4
1007000712,마들,5
1007000712,마들,6
1007000712,마들,7
1007000712,마들,8
1007000713,노원,3
1007000713,노원,4
1007000713,노원,5
1007000713,노원,6
1007000713,노원,7
1007000713,노원,8
1007000714,중계,1
1007000714,중계,2
1007000714,중계,3
1007000714,중계,4
1007000714,중계,5
1007000714,중계,6
1007000715,하계,1
1007000715,하계,2
1007000715,하계,3
1007000715,하계,4
1007000715,하계,5
1007000715,하계,6
1007000716,공릉,1
1007000716,공릉,2
1007000716,공릉,3
1007000716,공릉,4
1007000717,태릉입구,2
1007000717,태릉입구,3
1007000717,태릉입구,4
1007000717,태릉입구,5
1007000717,태릉입구,6
1007000718,먹골,1
1007000718,먹골,2
1007000718,먹골,3
1007000718,먹골,4
1007000718,먹골,5
1007000718,먹골,6
1007000718,먹골,7
1007000719,중화,1
1007000719,중화,2
1007000719,중화,3
1007000719,중화,4
1007000720,상봉,1
1007000720,상봉,2
1007000720,상봉,3
1007000720,상봉,4
1007000720,상봉,5
1007000720,상봉,6
1007000736,총신대입구(이수),10
1007000736,총신대입구(이수),11
1007000736,총신대입구(이수),12
1007000736,총신대입구(이수),3
1007000736,총신대입구(이수),4
1007000736,총신대입구(이수),5
1007000736,총신대입구(이수),6
1007000736,총신대입구(이수),7
1007000736,총신대입구(이수),8
1007000736,총신대입구(이수),9
1001080143,독산,1
1001080143,독산,2
1004000416,미아사거리,1
1004000416,미아사거리,2
1004000416,미아사거리,3
1004000416,미아사거리,4
1004000416,미아사거리,5
1004000416,미아사거리,6
1004000417,길음,1
1004000417,길음,10
1004000417,길음,2
1004000417,길음,3
1004000417,길음,4
1004000417,길음,5
1004000417,길음,6
1004000417,길음,7
1004000417,길음,8
1004000417,길음,9
1004000418,성신여대입구,1
1004000418,성신여대입구,2
1004000418,성신여대입구,3
1004000418,성신여대입구,4
1004000418,성신여대입구,5
1004000418,성신여대입구,6
1004000418,성신여대입구,7
1004000419,한성대입구,1
1004000419,한성대입구,2
1004000419,한성대입구,3
1004000419,한성대입구,4
1004000419,한성대입구,5
1004000419,한성대입구,6
1004000419,한성대입구,7
1004000420,혜화,1
1004000420,혜화,2
1004000420,혜화,3
1004000420,혜화,4
1004000421,동대문,10
1004000421,동대문,7
1004000421,동대문,8
1004000421,동대문,9
1004000422,동대문역사문화공원,10
1004000422,동대문역사문화공원,4
1004000422,동대문역사문화공원,5
1004000422,동대문역사문화공원,8
1004000422,동대문역사문화공원,9
1004000423,충무로,1
1004000423,충무로,2
1004000423,충무로,3
1004000423,충무로,4
1004000423,충무로,5
1004000423,충무로,6
1004000423,충무로,7
1004000423,충무로,8
1004000424,명동,1
1004000424,명동,10
1004000424,명동,2
1004000424,명동,3
1004000424,명동,4
1004000424,명동,5
1004000424,명동,6
1004000424,명동,7
1004000424,명동,8
1004000424,명동,9
1004000425,회현,1
1004000425,회현,2
1004000425,회현,3
1004000425,회현,4
1004000425,회현,5
1004000425,회현,6
1004000425,회현,7
1004000426,서울,10
1004000426,서울,11
1004000426,서울,12
1004000426,서울,13
1004000426,서울,14
1004000427,숙대입구,1
1004000427,숙대입구,10
1004000427,숙대입구,2
1004000427,숙대입구,3
1004000427,숙대입구,4
1004000427,숙대입구,5
1004000427,숙대입구,6
1004000427,숙대입구,7
1004000427,숙대입구,8
1004000427,숙대입구,9
1004000428,삼각지,1
1004000428,삼각지,2
1004000428,삼각지,3
1004000428,삼각지,4
1004000428,삼각지,5
1004000428,삼각지,6
1004000429,신용산,1
1004000429,신용산,2
1004000429,신용산,3
1004000429,신용산,4
1004000429,신용산,5
1004000429,신용산,6
1004000430,이촌,1
1004000430,이촌,2
1004000430,이촌,3
1004000430,이촌,3-1
1004000430,이촌,4
1004000430,이촌,5
1004000431,동작,1
1004000431,동작,2
1004000431,동작,3
1004000431,동작,4
1004000432,총신대입구(이수),1
1004000432,총신대입구(이수),13
1004000432,총신대입구(이수),14
1004000432,총신대입구(이수),2
1004000433,사당,10
1004000433,사당,11
1004000433,사당,12
1004000433,사당,3
1004000433,사당,4
1004000433,사당,9
1004000434,남태령,1
1004000434,남태령,2
1004000434,남태령,3
1004000434,남태령,4
1004000435,선바위,1
1004000435,선바위,2
1004000435,선바위,3
1004000435,선바위,4
1004000435,선바위,5
1004000435,선바위,6
1004000436,경마공원,1
1004000436,경마공원,2
1004000436,경마공원,3
1004000436,경마공원,4
1004000436,경마공원,5
1004000436,경마공원,6
1004000437,대공원,1
1004000437,대공원,2
1004000437,대공원,3
1004000437,대공원,4
1004000437,대공원,5
1004000438,과천,1
1004000438,과천,2
1004000438,과천,3
1004000438,과천,4
1004000438,과천,5
1004000438,과천,6
1004000438,과천,7
1004000439,정부과천청사,1
1004000439,정부과천청사,10
1004000439,정부과천청사,11
1004000439,정부과천청사,2
1004000439,정부과천청사,3
1004000439,정부과천청사,4
1004000439,정부과천청사,5
1004000439,정부과천청사,6
1004000439,정부과천청사,7
1004000439,정부과천청사,8
1004000439,정부과천청사,9
1004000440,인덕원,1
1004000440,인덕원,2
1004000440,인덕원,3
1004000440,인덕원,4
1004000440,인덕원,5
1004000440,인덕원,6
1004000440,인덕원,7
1004000440,인덕원,8
1004000441,평촌,1
1004000441,평촌,2
1004000441,평촌,3
1004000441,평촌,4
1004000442,범계,1
1004000442,범계,2
1004000442,범계,3
1004000442,범계,4
1004000442,범계,4-1
1004000442,범계,5
1004000442,범계,6
1004000442,범계,7
1004000442,범계,8
1004000443,금정,5
1004000444,산본,1
1004000444,산본,2
1004000444,산본,3
1004000444,산본,4
1004000445,수리산,1
1004000445,수리산,2
1004000445,수리산,3
1004000446,대야미,1
1004000446,대야미,2
1005000532,서대문,1
1005000532,서대문,2
1005000532,서대문,3
1005000532,서대문,4
1005000532,서대문,5
1005000532,서대문,6
1005000532,서대문,7
1005000532,서대문,8
1005000533,광화문,1
1005000533,광화문,2
1005000533,광화문,3
1005000533,광화문,4
1005000533,광화문,5
1005000533,광화문,6
1005000533,광화문,7
1005000533,광화문,8
1005000533,광화문,9
1005000534,종로3가,3
1005000534,종로3가,4
1005000534,종로3가,5
1005000534,종로3가,6
1005000535,을지로4가,3
1005000535,을지로4가,4
1005000536,동대문역사문화공원,6
1005000536,동대문역사문화공원,7
1005000538,신금호,1
1005000538,신금호,2
1005000538,신금호,3
1005000539,행당,1
1005000539,행당,2
1005000539,행당,3
1005000539,행당,4
1005000540,왕십리,4
1005000540,왕십리,5
1005000541,마장,1
1005000541,마장,2
1005000541,마장,3
1005000541,마장,4
1005000542,답십리,1
1005000542,답십리,2
1005000542,답십리,3
1005000542,답십리,4
1005000542,답십리,5
1005000542,답십리,6
1005000542,답십리,7
1005000542,답십리,8
1005000543,장한평,1
1005000543,장한평,2
1005000543,장한평,3
1005000543,장한평,4
1005000543,장한평,5
1005000543,장한평,6
1005000543,장한평,7
1005000543,장한평,8
1005000544,군자,1
1005000544,군자,2
1005000544,군자,3
1005000544,군자,4
1005000545,아차산,1
1005000545,아차산,2
1005000545,아차산,3
1005000545,아차산,4
1005000545,아차산,5
1005000546,광나루,1
1005000546,광나루,2
1005000546,광나루,3
1005000546,광나루,4
1005000547,천호,1
1005000547,천호,10
1005000547,천호,2
1005000547,천호,3
1005000547,천호,4
1005000547,천호,5
1005000547,천호,6
1005000547,천호,7
1005000547,천호,8
1005000547,천호,9
1005000548,강동,1
1005000548,강동,2
1005000548,강동,3
1005000548,강동,4
1005000549,길동,1
1005000549,길동,2
1005000549,길동,3
1005000550,굽은다리,1
1005000550,굽은다리,2
1005000550,굽은다리,3
1005000550,굽은다리,4
1005000551,명일,1
1005000551,명일,2
1005000551,명일,3
1005000551,명일,4
1005000552,고덕,1
1005000552,고덕,2
1005000552,고덕,3
1005000552,고덕,4
1005000552,고덕,5
1005000553,상일동,1
1005000553,상일동,2
1005000553,상일동,3
1005000553,상일동,4
1005080549,둔촌동,1
1005080549,둔촌동,2
1005080549,둔촌동,3
1005080549,둔촌동,4
1005080550,올림픽공원,1
1005080550,올림픽공원,2
1005080550,올림픽공원,3
1005080551,방이,1
1005080551,방이,2
1005080551,방이,3
1005080551,방이,4
1005080552,오금,3
1005080552,오금,4
1005080552,오금,5
1005080552,오금,6
1005080552,오금,7
1005080553,개롱,1
1005080553,개롱,2
1005080553,개롱,3
1005080553,개롱,4
1005080554,거여,1
1005080554,거여,2
1005080554,거여,3
1005080554,거여,4
1005080554,거여,5
1005080554,거여,6
1005080554,거여,7
1005080554,거여,8
1005080555,마천,1
1005080555,마천,2
1006000610,응암,1
1006000610,응암,2
1006000610,응암,3
1006000610,응암,4
1006000611,역촌,1
1006000611,역촌,2
1006000611,역촌,3
1006000611,역촌,4
1006000612,불광,6
1006000612,불광,7
1006000612,불광,8
1006000612,불광,9
1006000613,독바위,1
1006000615,구산,1
1006000615,구산,2
1006000615,구산,3
1006000615,구산,4
1006000616,새절,1
1006000616,새절,2
1006000616,새절,3
1006000616,새절,4
1006000617,증산,1
1006000617,증산,2
1006000617,증산,3
1006000617,증산,4
1006000618,디지털미디어시티,1
1006000618,디지털미디어시티,2
1006000618,디지털미디어시티,3
1006000618,디지털미디어시티,4
1006000618,디지털미디어시티,5
1006000618,디지털미디어시티,6
1006000619,월드컵경기장,1
1006000619,월드컵경기장,2
1006000619,월드컵경기장,3
1006000620,마포구청,1
1006000620,마포구청,2
1006000620,마포구청,3
1006000620,마포구청,4
1006000620,마포구청,5
1006000620,마포구청,6
1006000620,마포구청,7
1006000620,마포구청,8
1006000621,망원,1
1006000621,망원,2
1006000622,합정,10
1006000622,합정,5
1006000622,합정,6
1006000622,합정,7
1006000622,합정,8
1006000622,합정,9
1006000623,상수,1
1006000623,상수,2
1006000623,상수,3
1006000623,상수,4
1006000624,광흥창,1
1006000624,광흥창,2
1006000624,광흥창,3
1006000624,광흥창,4
1006000624,광흥창,5
1006000624,광흥창,6
1006000625,대흥,1
1006000625,대흥,2
1006000625,대흥,3
1006000625,대흥,4
1006000626,공덕,6
1006000626,공덕,7
1006000627,효창공원앞,1
1006000627,효창공원앞,2
1006000627,효창공원앞,3
1006000627,효창공원앞,4
1006000628,삼각지,10
1006000628,삼각지,11
1006000628,삼각지,12
1006000628,삼각지,13
1006000628,삼각지,14
1006000628,삼각지,7
1006000628,삼각지,8
1006000628,삼각지,9
1006000629,녹사평,1
1006000629,녹사평,2
1006000629,녹사평,3
1006000629,녹사평,4
1006000630,이태원,1
1006000630,이태원,2
1006000630,이태원,3
1006000630,이태원,4
1006000631,한강진,1
1006000631,한강진,2
1006000631,한강진,3
1006000632,버티고개,1
1006000632,버티고개,2
1006000632,버티고개,3
1006000633,약수,7
1006000633,약수,8
1006000634,청구,1
1006000634,청구,2
1006000634,청구,3
1006000635,신당,10
1006000635,신당,11
1006000635,신당,12
1006000635,신당,5
1006000635,신당,6
1006000635,신당,7
1006000635,신당,8
1006000635,신당,9
1006000636,동묘앞,4
1006000636,동묘앞,5
1006000636,동묘앞,6
1006000636,동묘앞,7
1006000636,동묘앞,8
1006000636,동묘앞,9
1006000637,창신,1
1006000637,창신,2
1006000637,창신,3
1006000637,창신,4
1006000638,보문,1
1006000638,보문,2
1006000638,보문,3
1006000638,보문,4
1006000638,보문,5
1006000638,보문,6
1006000638,보문,7
1006000638,보문,8
1006000639,안암,1
1006000639,안암,2
1006000639,안암,3
1006000639,안암,4
1006000640,고려대,1
1006000640,고려대,2
1006000640,고려대,3
1006000640,고려대,4
1006000640,고려대,5
1006000640,고려대,6
1006000641,월곡,1
1006000641,월곡,2
1006000641,월곡,3
1006000641,월곡,4
1006000641,월곡,5
1006000642,상월곡,1
1006000642,상월곡,2
1006000642,상월곡,3
1006000642,상월곡,4
1006000643,돌곶이,1
1006000643,돌곶이,2
1006000643,돌곶이,3
1006000643,돌곶이,4
1006000643,돌곶이,5
1006000643,돌곶이,6
1006000643,돌곶이,7
1006000643,돌곶이,8
1006000644,석계,2
1006000644,석계,3
1006000644,석계,4
1006000644,석계,5
1006000644,석계,7
1006000645,태릉입구,1
1006000645,태릉입구,7
1006000645,태릉입구,8
1002000234,신도림,1
1002000235,문래,1
1002000235,문래,2
1002000235,문래,3
1002000235,문래,4
1002000235,문래,5
1002000235,문래,6
1002000235,문래,7
1002000236,영등포구청,1
1002000236,영등포구청,2
1002000236,영등포구청,3
1002000236,영등포구청,4
1002000236,영등포구청,5
1002000237,당산,1
1002000237,당산,2
1002000237,당산,3
1002000237,당산,4
1002000237,당산,5
1002000237,당산,6
1002000238,합정,1
1002000238,합정,2
1002000238,합정,3
1002000238,합정,4
1002000239,홍대입구,1
1002000239,홍대입구,2
1002000239,홍대입구,3
1002000239,홍대입구,8
1002000239,홍대입구,9
1002000240,신촌,1
1002000240,신촌,2
1002000240,신촌,3
1002000240,신촌,4
1002000240,신촌,5
1002000240,신촌,6
1002000240,신촌,7
1002000240,신촌,8
1002000241,이대,1
1002000241,이대,2
1002000241,이대,3
1002000241,이대,4
1002000241,이대,5
1002000241,이대,6
1002000242,아현,1
1002000242,아현,2
1002000242,아현,3
1002000242,아현,4
1002000243,충정로,1
1002000243,충정로,2
1002000243,충정로,3
1002000243,충정로,4
1002000243,충정로,5
1002000243,충정로,6
1002002111,용답,1
1002002111,용답,2
1002002112,신답,1
1002002113,용두,1
1002002113,용두,2
1002002113,용두,3
1002002113,용두,4
1002002113,용두,5
1002002114,신설동,10
1002002114,신설동,7
1002002114,신설동,8
1002002114,신설동,9
1002002341,도림천,1
1002002341,도림천,2
1002002342,양천구청,1
1002002342,양천구청,2
1002002343,신정네거리,1
1002002343,신정네거리,2
1002002343,신정네거리,3
1002002343,신정네거리,4
1003000310,대화,1
1003000310,대화,2
1003000310,대화,3
1003000310,대화,4
1003000310,대화,5
1003000310,대화,6
1003000311,주엽,1
1003000311,주엽,2
1003000311,주엽,3
1003000311,주엽,4
1003000311,주엽,5
1003000311,주엽,6
1003000311,주엽,7
1003000311,주엽,8
1003000312,정발산,1
1003000312,정발산,2
1003000312,정발산,3
1003000312,정발산,4
1003000313,마두,1
1003000313,마두,2
1003000313,마두,3
1003000313,마두,4
1003000313,마두,5
1003000313,마두,6
1003000313,마두,7
1003000313,마두,8
1003000314,백석,1
1003000314,백석,2
1003000314,백석,3
1003000314,백석,4
1003000314,백석,5
1003000314,백석,6
1003000314,백석,7
1003000314,백석,8
1003000315,대곡,1
1003000315,대곡,2
1003000315,대곡,3
1003000315,대곡,4
1003000315,대곡,5
1003000316,화정,1
1003000316,화정,2
1003000316,화정,3
1003000316,화정,4
1003000317,원당,1
1003000317,원당,2
1003000317,원당,3
1003000317,원당,4
1003000317,원당,5
1003000317,원당,6
1003000318,삼송,1
1003000318,삼송,2
1003000318,삼송,3
1003000318,삼송,4
1003000318,삼송,5
1003000318,삼송,6
1003000318,삼송,7
1003000318,삼송,8
1003000318,삼송,9
1003000319,지축,1
1003000319,지축,2
1003000320,구파발,1
1003000320,구파발,2
1003000320,구파발,3
1003000320,구파발,4
1003000321,연신내,1
1003000321,연신내,2
1003000321,연신내,3
1003000321,연신내,4
1003000321,연신내,5
1003000321,연신내,6
1003000321,연신내,7
1003000322,불광,1
1003000322,불광,2
1003000322,불광,3
1003000322,불광,4
1003000322,불광,5
1002000201,시청,10
1002000201,시청,11
1002000201,시청,12
1002000201,시청,8
1002000201,시청,9
1002000202,을지로입구,1
1002000202,을지로입구,2
1002000202,을지로입구,3
1002000202,을지로입구,4
1002000202,을지로입구,5
1002000202,을지로입구,6
1002000202,을지로입구,7
1002000202,을지로입구,8
1002000203,을지로3가,1
1002000203,을지로3가,10
1002000203,을지로3가,11
1002000203,을지로3가,12
1002000203,을지로3가,2
1002000203,을지로3가,3
1002000204,을지로4가,1
1002000204,을지로4가,10
1002000204,을지로4가,2
1002000204,을지로4가,5
1002000204,을지로4가,6
1002000204,을지로4가,7
1002000204,을지로4가,8
1002000204,을지로4가,9
1002000205,동대문역사문화공원,1
1002000205,동대문역사문화공원,11
1002000205,동대문역사문화공원,12
1002000205,동대문역사문화공원,13
1002000205,동대문역사문화공원,14
1002000205,동대문역사문화공원,2
1002000205,동대문역사문화공원,3
1002000206,신당,1
1002000206,신당,2
1002000206,신당,3
1002000206,신당,4
1002000207,상왕십리,1
1002000207,상왕십리,2
1002000207,상왕십리,3
1002000207,상왕십리,4
1002000207,상왕십리,5
1002000207,상왕십리,6
1002000208,왕십리,1
1002000208,왕십리,10
1002000208,왕십리,11
1002000208,왕십리,2
1002000208,왕십리,3
1002000208,왕십리,6
1002000208,왕십리,6-1
1002000208,왕십리,7
1002000208,왕십리,8
1002000208,왕십리,9
1002000209,한양대,1
1002000209,한양대,2
1002000209,한양대,3
1002000209,한양대,4
1002000210,뚝섬,1
1002000210,뚝섬,2
1002000210,뚝섬,3
1002000210,뚝섬,4
1002000210,뚝섬,5
1002000210,뚝섬,6
1002000210,뚝섬,7
1002000210,뚝섬,8
1002000211,성수,1
1002000211,성수,2
1002000211,성수,3
1002000211,성수,4
1002000212,건대입구,1
1002000212,건대입구,2
1002000212,건대입구,5
1002000212,건대입구,6
1002000213,구의,1
1002000213,구의,2
1002000213,구의,3
1002000213,구의,4
1002000214,강변,1
1002000214,강변,2
1002000214,강변,3
1002000214,강변,4
1002000215,잠실나루,1
1002000215,잠실나루,2
1002000215,잠실나루,3
1002000215,잠실나루,4
1002000216,잠실,1
1002000216,잠실,2
1002000216,잠실,3
1002000216,잠실,4
1002000216,잠실,5
1002000216,잠실,6
1002000216,잠실,7
1002000216,잠실,8
1002000217,잠실새내,1
1002000217,잠실새내,2
1002000217,잠실새내,3
1002000217,잠실새내,4
1002000217,잠실새내,5
1002000217,잠실새내,6
1002000217,잠실새내,7
1002000217,잠실새내,8
1002000218,종합운동장,1
1002000218,종합운동장,2
1002000218,종합운동장,3
1002000218,종합운동장,4
1002000218,종합운동장,5
1002000218,종합운동장,6
1002000218,종합운동장,7
1002000218,종합운동장,8
1002000219,삼성,1
1002000219,삼성,2
1002000219,삼성,3
1002000219,삼성,4
1002000219,삼성,5
1002000219,삼성,6
1002000219,삼성,7
1002000219,삼성,8
1002000220,선릉,1
1002000220,선릉,10
1002000220,선릉,4
1002000220,선릉,5
1002000221,역삼,1
1002000221,역삼,2
1002000221,역삼,3
1002000221,역삼,4
1002000221,역삼,5
1002000221,역삼,6
1002000221,역삼,7
1002000221,역삼,8
1002000222,강남,1
1002000222,강남,10
1002000222,강남,11
1002000222,강남,12
1002000222,강남,2
1002000222,강남,7
1002000222,강남,8
1002000222,강남,9
1002000223,교대,1
1002000223,교대,10
1002000223,교대,11
1002000223,교대,2
1002000223,교대,3
1002000223,교대,4
1002000223,교대,5
1002000223,교대,6
1002000223,교대,7
1002000223,교대,8
1002000223,교대,9
1002000224,서초,1
1002000224,서초,2
1002000224,서초,3
1002000224,서초,4
1002000224,서초,5
1002000224,서초,6
1002000224,서초,7
1002000224,서초,8
1002000225,방배,1
1002000225,방배,2
1002000225,방배,3
1002000225,방배,4
1002000226,사당,1
1002000226,사당,13
1002000226,사당,14
1002000226,사당,2
1002000226,사당,5
1002000226,사당,6
1002000226,사당,7
1002000226,사당,8
1002000227,낙성대,1
1002000227,낙성대,2
1002000227,낙성대,3
1002000227,낙성대,4
1002000227,낙성대,5
1002000227,낙성대,6
1002000227,낙성대,7
1002000227,낙성대,8
1002000228,서울대입구,1
1002000228,서울대입구,2
1002000228,서울대입구,3
1002000228,서울대입구,4
1002000228,서울대입구,5
1002000228,서울대입구,6
1002000228,서울대입구,7
1002000228,서울대입구,8
1002000229,봉천,1
1002000229,봉천,2
1002000229,봉천,3
1002000229,봉천,4
1002000229,봉천,5
1002000229,봉천,6
1002000230,신림,1
1002000230,신림,2
1002000230,신림,3
1002000230,신림,4
1002000230,신림,5
1002000230,신림,6
1002000230,신림,7
1002000230,신림,8
1002000231,신대방,1
1002000231,신대방,2
1002000231,신대방,3
1002000231,신대방,4
1002000232,구로디지털단지,1
1002000232,구로디지털단지,2
1002000232,구로디지털단지,3
1002000232,구로디지털단지,4
1002000232,구로디지털단지,5
1002000232,구로디지털단지,6
1004000411,노원,1
1004000411,노원,10
1004000411,노원,2
1004000411,노원,9
1001000100,소요산,1
1001000133,서울,1
1001000133,서울,2
1001000133,서울,3
1001000133,서울,4
1001000133,서울,5
1001000133,서울,6
1001000133,서울,7
1001000133,서울,8
1001000133,서울,9
1001000133,서울,9-1
1001000134,남영,1
1001000135,용산,1
1001000135,용산,2
1001000135,용산,3
1001000136,노량진,1
1001000137,대방,1
1001000137,대방,2
1001000137,대방,3
1001000137,대방,4
1001000137,대방,5
1001000137,대방,6
1001000138,신길,1
1001000138,신길,2
1001000139,영등포,1
1001000139,영등포,2
1001000139,영등포,3
1001000139,영등포,4
1001000139,영등포,5
1001000139,영등포,6
1001000140,신도림,1
1001000140,신도림,2
1001000140,신도림,3
1001000141,구로,1
1001000141,구로,2
1001000112,망월사,1
1001000112,망월사,2
1001000112,망월사,3
1001000113,도봉산,1
1001000114,도봉,1
1001000114,도봉,2
1001000114,도봉,3
1001000115,방학,1
1001000115,방학,2
1001000115,방학,3
1001000116,창동,1
1001000117,녹천,1
1001000117,녹천,2
1001000117,녹천,3
1001000117,녹천,4
1001000118,월계,1
1001000118,월계,2
1001000118,월계,3
1001000119,광운대,1
1001000119,광운대,2
1001000119,광운대,3
1001000120,석계,1
1001000120,석계,6
1001000121,신이문,1
1001000121,신이문,2
1001000121,신이문,3
1001000121,신이문,4
1001000121,신이문,5
1001000122,외대앞,1
1001000122,외대앞,2
1001000122,외대앞,3
1001000122,외대앞,4
1001000122,외대앞,5
1001000122,외대앞,6
1001000123,회기,1
1001000124,청량리,1
1001000124,청량리,2
1001000124,청량리,3
1001000124,청량리,4
1001000124,청량리,5
1001000124,청량리,6
1001000125,제기동,1
1001000125,제기동,2
1001000125,제기동,3
1001000125,제기동,4
1001000125,제기동,5
1001000125,제기동,6
1001000126,신설동,1
1001000126,신설동,11
1001000126,신설동,12
1001000126,신설동,2
1001000126,신설동,3
1001000126,신설동,4
1001000126,신설동,5
1001000126,신설동,6
1001000127,동묘앞,1
1001000127,동묘앞,10
1001000127,동묘앞,2
1001000127,동묘앞,3
1001000128,동대문,1
1001000128,동대문,2
1001000128,동대문,3
1001000128,동대문,4
1001000128,동대문,5
1001000128,동대문,6
1001000129,종로5가,1
1001000129,종로5가,2
1001000129,종로5가,3
1001000129,종로5가,4
1001000129,종로5가,5
1001000129,종로5가,6
1001000129,종로5가,7
1001000129,종로5가,8
1001000130,종로3가,1
1001000130,종로3가,10
1001000130,종로3가,11
1001000130,종로3가,12
1001000130,종로3가,13
1001000130,종로3가,14
1001000130,종로3가,15
1001000130,종로3가,2
1001000131,종각,1
1001000131,종각,2
1001000131,종각,3
1001000131,종각,3-1
1001000131,종각,4
1001000131,종각,5
1001000131,종각,6
1001000132,시청,1
1001000132,시청,2
1001000132,시청,3
1001000132,시청,4
1001000132,시청,5
1001000132,시청,6
1001000132,시청,7
1075075236,신갈,1
1075075236,신갈,2
1075075236,신갈,3
1075075236,신갈,4
1075075237,기흥,1
1075075237,기흥,2
1075075237,기흥,3
1075075237,기흥,4
1075075237,기흥,5
1075075237,기흥,6
1075075237,기흥,7
1075075238,상갈,1
1075075238,상갈,2
1075075238,상갈,3
1075075238,상갈,4
1075075239,청명,1
1075075239,청명,2
1075075239,청명,3
1075075239,청명,4
1075075239,청명,5
1075075239,청명,6
1075075240,영통,1
1075075240,영통,2
1075075240,영통,3
1075075240,영통,4
1075075240,영통,5
1075075240,영통,6
1075075240,영통,7
1075075240,영통,8
1075075241,망포,1
1075075241,망포,2
1075075241,망포,3
1075075241,망포,4
1075075241,망포,5
1075075241,망포,6
1075075241,망포,7
1075075241,망포,8
1075075242,매탄권선,1
1075075242,매탄권선,2
1075075242,매탄권선,3
1075075242,매탄권선,4
1075075242,매탄권선,5
1075075243,수원시청,1
1075075243,수원시청,10
1075075243,수원시청,2
1075075243,수원시청,3
1075075243,수원시청,4
1075075243,수원시청,5
1075075243,수원시청,6
1075075243,수원시청,7
1075075243,수원시청,8
1075075243,수원시청,9
1075075244,매교,1
1075075244,매교,2
1075075244,매교,3
1075075244,매교,4
1075075244,매교,5
1075075244,매교,6
1075075244,매교,7
1075075244,매교,8
1075075245,수원,10
1075075245,수원,7
1075075245,수원,8
1075075245,수원,9
1001080173,탕정,1
1001080173,탕정,2
1008000820,복정,1
1008000820,복정,2
1008000820,복정,3
1008000820,복정,4
1008000821,남위례,1
1008000821,남위례,2
1008000821,남위례,3
1008000822,산성,1
1008000822,산성,2
1008000822,산성,3
1008000822,산성,4
1008000823,남한산성입구,1
1008000823,남한산성입구,2
1008000823,남한산성입구,3
1008000823,남한산성입구,4
1008000823,남한산성입구,5
1008000823,남한산성입구,6
1008000823,남한산성입구,7
1008000824,단대오거리,1
1008000824,단대오거리,2
1008000824,단대오거리,3
1008000824,단대오거리,4
1008000825,신흥,1
1008000825,신흥,2
1008000825,신흥,3
1008000825,신흥,4
1008000826,수진,10
1008000826,수진,11
1008000826,수진,12
1008000826,수진,9
1006000648,신내,1
1006000648,신내,2
1006000648,신내,3
1006000648,신내,4
